<?xml version="1.0" encoding="UTF-8"?>
<metadata>
  <groupId>net.minidev</groupId>
  <artifactId>json-smart</artifactId>
  <versioning>
    <latest>2.3</latest>
    <release>2.3</release>
    <versions>
      <version>1.0.6.3</version>
      <version>1.0.8</version>
      <version>1.0.9</version>
      <version>1.0.9-1</version>
      <version>1.1</version>
      <version>1.1.1</version>
      <version>1.2</version>
      <version>1.3</version>
      <version>1.3.1</version>
      <version>2.0-RC1</version>
      <version>2.0-RC2</version>
      <version>2.0-RC3</version>
      <version>2.0</version>
      <version>2.1.0</version>
      <version>2.1.1</version>
      <version>2.2</version>
      <version>2.2.1</version>
      <version>2.3</version>
    </versions>
    <lastUpdated>20170326081535</lastUpdated>
  </versioning>
</metadata>
